{"key_0": 111289.1695747599, "key_1": -900384.0643872088, "key_2": 38525.32269187912, "key_3": -964487.5780293138, "key_4": -417989.7863487352, "key_5": -233488.15668906958, "key_6": 249262.41685899068, "key_7": 161479.55258537247, "key_8": -342533.4267710012, "key_9": -29662.26536604634, "key_10": 191146.05220651953, "key_11": -535238.0642758969, "key_12": -15545.775843239157, "key_13": -718511.2848752248, "key_14": -242641.27886384062, "key_15": -177394.75374863553, "key_16": -92989.37426842574, "key_17": 725363.6762714803, "key_18": 708448.9703788122, "key_19": -345884.35036700906, "key_20": -423632.99411036714, "key_21": 410706.599835566, "key_22": 171093.0868268183, "key_23": -453763.3800536059, "key_24": 120602.18479859713, "key_25": 76515.45783652668, "key_26": 649170.1061348699, "key_27": -548906.1023360097, "key_28": -640604.4913678204, "key_29": 946150.7716738961, "key_30": 345965.513433855, "key_31": -600809.2965557207, "key_32": -612899.5311700229, "key_33": 723040.4051862999, "key_34": 699193.2583184845, "key_35": -186558.37104687234, "key_36": 969780.0777224232, "key_37": -493626.94084766076, "key_38": 152607.46185345575, "key_39": 780324.4967211273, "key_40": 534197.9481345932, "key_41": 889334.7327621577, "key_42": -257372.44544215803, "key_43": -417285.3323217243, "key_44": 227751.44527447363, "key_45": 916577.6142610558, "key_46": 97611.47837812104, "key_47": 233020.26430651802, "key_48": -471850.9271625115, "key_49": 337071.0772619862, "key_50": 860809.49888489, "key_51": 780767.476506361, "key_52": -737659.2374343707, "key_53": -111254.00253528333, "key_54": 74652.24616493192, "key_55": -166467.95959244214, "key_56": -927279.0228633609, "key_57": 897350.5594545978, "key_58": -806240.3384470129, "key_59": -324506.9412611647, "key_60": -827406.3125722515, "key_61": -902839.9614176753, "key_62": 319739.546639225, "key_63": 94731.54006101866, "key_64": -722454.3926860003, "key_65": -359886.25849939114, "key_66": -624594.7162986714, "key_67": 54997.04465902317, "key_68": 139222.59500436857, "key_69": 915427.789469457, "key_70": 774864.4494827457, "key_71": -63400.65367404348, "key_72": 790451.2464115412, "key_73": 420434.444586796, "key_74": -327737.197754064, "key_75": 794920.469042724, "key_76": 575207.2139403955, "key_77": -623412.4474294769, "key_78": -713410.8328640927, "key_79": 14129.337776310975, "key_80": 864534.467433586, "key_81": 809716.4692660593, "key_82": -366054.43638076785, "key_83": 809799.1134952675, "key_84": -867409.7529036677, "key_85": 111039.98151744832, "key_86": -378086.41015424137, "key_87": -243228.87888665008, "key_88": 126691.19328135159, "key_89": -443289.2829294744, "key_90": -723104.3161769268, "key_91": 874200.8507320022, "key_92": -626012.8123014239, "key_93": 850824.8625964758, "key_94": 735347.6014915253, "key_95": -41192.377695215866, "key_96": 907296.7185384417, "key_97": 100934.07342975587, "key_98": 548899.7181904681, "key_99": 431846.5830769823, "key_100": 759804.6301995881, "key_101": -952644.8171337814, "key_102": -137484.4688535888, "key_103": -479124.1247176363, "key_104": 531587.3857446488, "key_105": 881579.0684336061, "key_106": 581289.8148014711, "key_107": 89064.55371688656, "key_108": -21650.352309138514, "key_109": -58126.930400794954, "key_110": 777467.9310293351, "key_111": -618441.6497485783, "key_112": 548234.5326814197, "key_113": 180238.40797338192, "key_114": 175919.3303184386, "key_115": 316189.0301263381, "key_116": -179559.79144860443, "key_117": 251705.79144382803, "key_118": -318646.3017629464, "key_119": 881733.2477004959, "key_120": -189606.29768166842, "key_121": 766223.0084720973, "key_122": 120814.98525041505, "key_123": 954006.2373298176, "key_124": -78950.19236198068, "key_125": -318792.20769919385, "key_126": -257250.649388312, "key_127": 666905.3824369502, "key_128": -768511.1566798424, "key_129": 478879.5857226758, "key_130": -68289.72333057702, "key_131": -168057.2256326034, "key_132": 962572.3354297476, "key_133": -10692.470928623341, "key_134": 298826.70981523907, "key_135": -534891.1910235063, "key_136": -68119.13148344145, "key_137": -439942.0712952815, "key_138": -635264.9934387789, "key_139": 719736.0021844993, "key_140": 241289.69997158134, "key_141": 410526.2031725077, "key_142": 894831.3314039714, "key_143": -340882.629284933, "key_144": -974891.7417555894, "key_145": -73321.79436365108, "key_146": 895670.8086233635, "key_147": -374198.49587326986, "key_148": 165649.1485005936, "key_149": -860078.4536859574, "key_150": -144084.65685383766, "key_151": 745891.903278034, "key_152": -318580.5452411792, "key_153": -962994.9261390131, "key_154": -100189.39258894522, "key_155": -210836.67351662205, "key_156": -470378.64937009476, "key_157": -73941.25549461949, "key_158": 622036.9511062964, "key_159": 557468.2668068816, "key_160": -106592.10562962375, "key_161": 910797.4217497169, "key_162": -848480.6518669917, "key_163": -741616.3317092753, "key_164": -179117.88263191015, "key_165": -965499.2864805782, "key_166": 233397.9459275806, "key_167": 514000.7134495415, "key_168": -893494.011995951, "key_169": 24655.31939852459, "key_170": 579255.2102426542, "key_171": 805444.9371277043, "key_172": 220511.2716845658, "key_173": 69524.00251870393, "key_174": 345866.5619569742, "key_175": -905715.372674881, "key_176": 591480.1655546408, "key_177": 355884.7279586659, "key_178": 49308.125059560174, "key_179": -159812.8729909798, "key_180": 960036.8939225369, "key_181": -45728.0963423074, "key_182": -105648.77831363701, "key_183": -221400.22393111943, "key_184": 849834.138333376, "key_185": 792912.1814105373, "key_186": -284583.7828393789, "key_187": 985388.2918227664, "key_188": -57925.51205904654, "key_189": -533466.192574241, "key_190": -832906.8832279308, "key_191": -126199.95041768695, "key_192": -580580.5061703728, "key_193": 380579.2782523106, "key_194": -158506.72728071455, "key_195": 1904.1811804414028, "key_196": -261612.43883309828, "key_197": 969754.1657113787, "key_198": 496644.4888459607, "key_199": -544813.8213828986, "key_200": -160730.6768306176, "key_201": -626046.1384056292, "key_202": 176927.3710194279, "key_203": -481394.7026162451, "key_204": 97907.26567574241, "key_205": -100896.01149625354, "key_206": 685090.5268923114, "key_207": -112163.84685447591, "key_208": -306430.71583719016, "key_209": 226234.01341438014, "key_210": 907856.0562638652, "key_211": -993679.2991534137, "key_212": 852742.9252032707, "key_213": -306259.79442290217, "key_214": 79913.45383843035, "key_215": 571919.9278107474, "key_216": -540586.2224956285, "key_217": 386165.0892219839, "key_218": -466158.76675877406, "key_219": 67841.91589556262, "key_220": -490809.3606751445, "key_221": -97477.5101712204, "key_222": -702127.2488976151, "key_223": -937123.8201099121, "key_224": 841080.6743453296, "key_225": 614316.6569415543, "key_226": 89311.65616286523, "key_227": 568331.0113802133, "key_228": -906631.0158215933, "key_229": 686636.5897340863, "key_230": 34095.39423539967, "key_231": -240874.16433684574, "key_232": -134344.4379060492, "key_233": -285962.7298858514, "key_234": -868363.2622282687, "key_235": -372812.2341384435, "key_236": -994771.2059349329, "key_237": 525924.0381629488, "key_238": -78853.30611095973, "key_239": 289204.7278402848, "key_240": 342654.82377763675, "key_241": -397944.3841599899, "key_242": 532003.2166999863, "key_243": -68627.67549571558, "key_244": -516785.1536998882, "key_245": -455856.07267125056, "key_246": -266895.06174875447, "key_247": 99913.64303472172, "key_248": 832767.1776909402, "key_249": 194938.1792344919, "key_250": -993272.1144739363, "key_251": 643693.3872942606, "key_252": -736067.6818288043, "key_253": -291958.70498918847, "key_254": 891354.2789490973, "key_255": -181291.85594006383, "key_256": 476188.4295806796, "key_257": 368790.99245132296, "key_258": 16211.33803841751, "key_259": -445499.6983817889, "key_260": 381191.7114583247, "key_261": 114752.00880195852, "key_262": 937600.8038143634, "key_263": -311002.99917620665,